{
    "type": "process",
    "setting_id": "GP006",
    "name": "0.30mm Big @RatRig V-Core 4 HYBRID 0.6",
    "from": "system",
    "instantiation": "true",
    "inherits": "fdm_process_ratrig_common",
    "layer_height": "0.3",
    "inital_layer_height": "0.35",
    "wall_count": "3",
    "top_shell_layers": "4",
    "bottom_shell_layers": "3",
    "top_shell_thickness": "0",
    "sparse_infill_density": "25%",
    "infill_anchor": "600%",
    "infill_anchor_max": "5",
    "infill_combination": "1",
    "skirt_loops": "2",
    "skirt_distance": "10",
    "support_threshold_angle": "65",
    "support_bottom_z_distance": "0.2",
    "support_on_build_plate_only": "1",
    "support_object_xy_distance": "60%",
    "inner_wall_speed": "300",
    "small_perimeter_speed": "250",
    "outer_wall_speed": "250",
    "sparse_infill_speed": "400",
    "internal_solid_infill_speed": "100%",
    "top_surface_speed": "100%",
    "support_speed": "50",
    "support_interface_speed": "100%",
    "bridge_speed": "50",
    "gap_infill_speed": "200",
    "travel_speed": "600",
    "initial_layer_speed": "80",
    "enable_overhang_speed": "1",
    "overhang_1_4_speed": "20",
    "overhang_2_4_speed": "45",
    "overhang_3_4_speed": "80",
    "overhang_4_4_speed": "100",
    "outer_wall_acceleration": "8000",
    "inner_wall_acceleration": "10000",
    "top_surface_acceleration": "0",
    "internal_solid_infill_acceleration": "0",
    "sparse_infill_acceleration": "15000",
    "bridge_acceleration": "5000",
    "initial_layer_acceleration": "2500",
    "travel_acceleration": "15000",
    "default_acceleration": "15000",
    "line_width": "0.65",
    "initial_layer_line_width": "0.84",
    "inner_wall_line_width": "0.65",
    "outer_wall_line_width": "0.65",
    "sparse_infill_line_width": "0.65",
    "internal_solid_infill_line_width": "0.65",
    "top_surface_line_width": "0.65",
    "support_line_width": "0.65",
    "infill_wall_overlap": "18%",
    "bridge_flow": "0.85",
    "resolution": "0.0125",
    "elefant_foot_compensation": "0.1",
    "compatible_printers": [
        "RatRig V-Core 4 HYBRID 300 0.6 nozzle",
        "RatRig V-Core 4 HYBRID 400 0.6 nozzle", 
        "RatRig V-Core 4 HYBRID 500 0.6 nozzle"
    ]
}
