{
    "type": "filament",
	"filament_id": "GFC99",
    "setting_id": "GFCA04",
    "name": "RatRig Generic PCTG",
    "from": "system",
    "instantiation": "true",
    "inherits": "fdm_filament_pet",
    "reduce_fan_stop_start_freq": [
        "1"
    ],
    "slow_down_for_layer_cooling": [
        "1"
    ],
    "fan_cooling_layer_time": [
        "30"
    ],
    "overhang_fan_speed": [
        "90"
    ],
    "overhang_fan_threshold": [
        "25%"
    ],
    "fan_max_speed": [
        "40"
    ],
    "fan_min_speed": [
        "10"
    ],
    "slow_down_min_speed": [
        "10"
    ],
    "slow_down_layer_time": [
        "8"
    ],
    "filament_flow_ratio": [
        "0.93"
    ],
	"filament_density": [
        "1.29"
    ],
    "filament_max_volumetric_speed": [
        "12"
    ],
	"filament_z_hop": [
        "0"
    ],
	"enable_pressure_advance": [
        "1"
    ],
	"pressure_advance": [
        "0.045"
    ],
    "nozzle_temperature_initial_layer": [
        "260"
    ],
    "nozzle_temperature": [
        "255"
    ],
    "nozzle_temperature_range_high": [
        "270"
    ],
	"temperature_vitrification": [
        "90"
    ]
}
