{
    "type": "filament",
    "filament_id": "GFN99",
    "setting_id": "GFSA04",
    "name": "RatRig Generic PA",
    "from": "system",
    "instantiation": "true",
    "inherits": "fdm_filament_pa",
    "nozzle_temperature_initial_layer": [
        "270"
    ],
    "nozzle_temperature": [
        "270"
    ],
    "hot_plate_temp" : [
        "80"
    ],
    "hot_plate_temp_initial_layer" : [
        "80"
    ],
	"filament_z_hop": [
        "0"
    ],
	"enable_pressure_advance": [
        "1"
    ],
	"pressure_advance": [
        "0.045"
    ],
    "filament_density": [
        "1.24"
    ],
    "nozzle_temperature_range_high": [
        "280"
    ],
    "overhang_fan_speed": [
        "50"
    ]
}
