{
    "type": "filament",
    "filament_id": "GFB98",
    "setting_id": "GFSA04",
    "name": "RatRig Generic ASA",
    "from": "system",
    "instantiation": "true",
    "inherits": "fdm_filament_asa",
    "filament_flow_ratio": [
        "0.93"
    ],
    "filament_max_volumetric_speed": [
        "19"
    ],
    "filament_density": [
        "1.1"
    ],
	"filament_z_hop": [
        "0"
    ],
	"enable_pressure_advance": [
        "1"
    ],
	"pressure_advance": [
        "0.033"
    ],
    "close_fan_the_first_x_layers": [
        "2"
    ],
    "fan_cooling_layer_time": [
        "10"
    ],
    "fan_max_speed": [
        "30"
    ],
    "fan_min_speed": [
        "10"
    ],
    "overhang_fan_speed": [
        "25"
    ]
}
