{
    "type": "filament",
    "filament_id": "GFC99",
    "setting_id": "GFSA04",
    "name": "RatRig Generic PC",
    "from": "system",
    "instantiation": "true",
    "inherits": "fdm_filament_pc",
    "filament_max_volumetric_speed": [
        "12"
    ],
    "filament_flow_ratio": [
        "0.93"
    ],
	"filament_z_hop": [
        "0"
    ],
	"enable_pressure_advance": [
        "1"
    ],
	"pressure_advance": [
        "0.045"
    ],
    "nozzle_temperature_initial_layer": [
        "280"
    ],
    "nozzle_temperature_range_high": [
        "290"
    ],
    "hot_plate_temp" : [
        "100"
    ],
    "hot_plate_temp_initial_layer" : [
        "100"
    ]
}
