{
  "type": "machine",
  "setting_id": "GM002",
  "name": "RatRig V-Core 4 HYBRID 400 0.8 nozzle",
  "from": "system",
  "instantiation": "true",
  "inherits": "fdm_klipper_common",
  "printer_model": "RatRig V-Core 4 HYBRID 400",
  "printer_variant": "0.8",
  "nozzle_diameter": [
    "0.8"
  ],
  "printable_area": [
    "0x0",
    "400x0",
    "400x400",
    "0x400"
  ],
  "machine_max_speed_x": ["500", "500"],
  "machine_max_speed_y": ["500", "500"],
  "machine_max_speed_z": ["200", "200"],
  "machine_max_speed_e": ["120", "120"],
  "machine_max_acceleration_x": ["20000", "20000"],
  "machine_max_acceleration_y": ["20000", "20000"],
  "machine_max_acceleration_z": ["200", "200"],
  "machine_max_acceleration_e": ["5000", "5000"],
  "machine_max_acceleration_extruding": ["20000", "20000"],
  "machine_max_acceleration_retracting": ["20000", "20000"],
  "machine_max_acceleration_travel": ["20000", "20000"],
  "machine_max_jerk_x": ["5", "5"],
  "machine_max_jerk_y": ["5", "5"],
  "machine_max_jerk_z": ["0.4", "0.4"],
  "machine_max_jerk_e": ["5", "5"],
  "min_layer_height": ["0.12"],
  "max_layer_height": ["0.5"],
  "extruder_clearance_radius": "45",
  "extruder_clearance_height_to_rod": "25",
  "extruder_clearance_height_to_lid": "140",
  "retract_lift_below": ["0.3"],
  "retraction_length": ["0.8"],
  "retraction_speed": ["120"],
  "deretraction_speed": ["120"],
  "wipe": ["1"],
  "retract_before_wipe": ["70%"],
  "z_hop": ["0.2"],
  "machine_start_gcode": "START_PRINT EXTRUDER_TEMP=[nozzle_temperature_initial_layer] BED_TEMP=[bed_temperature_initial_layer_single] TOTAL_LAYER_COUNT={total_layer_count} X0={first_layer_print_min[0]} Y0={first_layer_print_min[1]} X1={first_layer_print_max[0]} Y1={first_layer_print_max[1]}",
  "layer_change_gcode": ";AFTER_LAYER_CHANGE\n;[layer_z]",
  "before_layer_change_gcode": ";BEFORE_LAYER_CHANGE\n;[layer_z]\nG92 E0\n_ON_LAYER_CHANGE LAYER={layer_num + 1}",
  "change_filament_gcode": "M600",
  "machine_pause_gcode": "PAUSE",
  "printing_by_object_gcode": ";BETWEEN_OBJECTS\nG92 E0",
  "printable_height": "400",
  "time_lapse_gcode": "TIMELAPSE_TAKE_FRAME",
  "thumbnails": [
    "64x64/PNG",
	"100x100/PNG",
    "400x300/PNG"
  ]
}
