{
    "type": "filament",
    "filament_id": "GFB98",
    "setting_id": "GFSA04",
    "name": "RatRig BigNozzle ASA",
    "from": "system",
    "instantiation": "true",
    "inherits": "fdm_filament_asa",
    "filament_flow_ratio": [
        "0.92"
    ],
    "filament_max_volumetric_speed": [
        "19"
    ],
	"filament_z_hop": [
        "0"
    ],
	"enable_pressure_advance": [
        "1"
    ],
	"pressure_advance": [
        "0.033"
    ],
    "hot_plate_temp_initial_layer" : [
        "108"
    ],
    "nozzle_temperature_initial_layer": [
        "270"
    ],
    "nozzle_temperature": [
        "265"
    ],
	"nozzle_temperature_range_low": [
        "240"
    ],
    "nozzle_temperature_range_high": [
        "290"
    ],
    "close_fan_the_first_x_layers": [
        "2"
    ],
    "fan_cooling_layer_time": [
        "10"
    ],
    "fan_max_speed": [
        "30"
    ],
    "fan_min_speed": [
        "10"
    ],
    "overhang_fan_speed": [
        "28"
    ]
}
