{
    "type": "filament",
    "filament_id": "GFB99",
    "setting_id": "GFSA04",
    "name": "RatRig Generic ABS",
    "from": "system",
    "instantiation": "true",
    "inherits": "fdm_filament_abs",
    "filament_flow_ratio": [
        "0.980"
    ],
    "filament_max_volumetric_speed": [
        "18"
    ],
	"filament_z_hop": [
        "0"
    ],
	"enable_pressure_advance": [
        "1"
    ],
	"pressure_advance": [
        "0.03"
    ],
    "hot_plate_temp_initial_layer" : [
        "108"
    ],
    "nozzle_temperature_initial_layer": [
        "248"
    ],
    "nozzle_temperature": [
        "243"
    ],
    "close_fan_the_first_x_layers": [
        "2"
    ],
    "fan_cooling_layer_time": [
        "10"
    ],
    "fan_max_speed": [
        "30"
    ],
    "fan_min_speed": [
        "10"
    ],
    "overhang_fan_speed": [
        "30"
    ]
}
