{
    "type": "filament",
    "filament_id": "GFB99",
    "setting_id": "GFSA04",
    "name": "RatRig PunkFil ABS",
    "from": "system",
    "instantiation": "true",
    "inherits": "fdm_filament_abs",
    "filament_flow_ratio": [
        "0.92"
    ],
    "filament_max_volumetric_speed": [
        "40"
    ],
    "filament_z_hop": [
        "nil"
    ],
	"enable_pressure_advance": [
        "1"
    ],
	"pressure_advance": [
        "0.022"
    ],
    "hot_plate_temp_initial_layer" : [
        "110"
    ],
    "hot_plate_temp" : [
        "110"
    ],
    "nozzle_temperature_initial_layer": [
        "260"
    ],
    "nozzle_temperature": [
        "260"
    ],
    "close_fan_the_first_x_layers": [
        "2"
    ],
    "fan_cooling_layer_time": [
        "7"
    ],
    "fan_max_speed": [
        "60"
    ],
    "fan_min_speed": [
        "30"
    ],
    "overhang_fan_speed": [
        "60"
    ],
    "overhang_fan_threshold": [
        "25%"
    ],
    "slow_down_min_speed": [
        "50"
    ],
    "slow_down_layer_time": [
        "2"
    ],
    "slow_down_for_layer_cooling": [
        "1"
    ],
    "filament_cost": [
        "25.5"
    ],
    "filament_vendor": [
        "RatRig"
    ]
}
