{
    "type": "filament",
    "filament_id": "GFL99",
    "setting_id": "GFSA04",
    "name": "RatRig BigNozzle PLA",
    "from": "system",
    "instantiation": "true",
    "inherits": "fdm_filament_pla",
    "filament_flow_ratio": [
        "0.94"
    ],
    "filament_max_volumetric_speed": [
        "20"
    ],
	"filament_z_hop": [
        "0"
    ],
	"enable_pressure_advance": [
        "1"
    ],
	"pressure_advance": [
        "0.05"
    ],
    "slow_down_layer_time": [
        "8"
    ],
    "nozzle_temperature_initial_layer": [
        "230"
    ],
    "nozzle_temperature": [
        "235"
    ],
    "nozzle_temperature_range_high": [
        "260"
    ],
    "nozzle_temperature_range_low": [
        "210"
    ]
}
