{
    "type": "filament",
    "filament_id": "GFL99",
    "setting_id": "GFSA04",
    "name": "RatRig BigNozzle TPU",
    "from": "system",
    "instantiation": "true",
    "inherits": "fdm_filament_tpu",
    "filament_max_volumetric_speed": [
        "5"
    ],
	"filament_z_hop": [
        "0"
    ],
	"enable_pressure_advance": [
        "1"
    ],
	"pressure_advance": [
        "0.1"
    ],
    "nozzle_temperature_initial_layer": [
        "240"
    ],
    "nozzle_temperature": [
        "245"
    ],
    "nozzle_temperature_range_high": [
        "270"
    ],
    "nozzle_temperature_range_low": [
        "220"
    ]
}
