{
    "type": "filament",
    "filament_id": "GFG99",
    "setting_id": "GFSA04",
    "name": "RatRig Generic PETG",
    "from": "system",
    "instantiation": "true",
    "inherits": "fdm_filament_pet",
    "reduce_fan_stop_start_freq": [
        "1"
    ],
    "slow_down_for_layer_cooling": [
        "1"
    ],
    "fan_cooling_layer_time": [
        "10"
    ],
    "overhang_fan_speed": [
        "100"
    ],
    "overhang_fan_threshold": [
        "25%"
    ],
    "fan_max_speed": [
        "100"
    ],
    "fan_min_speed": [
        "40"
    ],
    "slow_down_min_speed": [
        "10"
    ],
    "slow_down_layer_time": [
        "8"
    ],
    "filament_flow_ratio": [
        "0.94"
    ],
    "filament_max_volumetric_speed": [
        "11"
    ],
	"filament_z_hop": [
        "0"
    ],
	"enable_pressure_advance": [
        "1"
    ],
	"pressure_advance": [
        "0.045"
    ],
    "nozzle_temperature_initial_layer": [
        "240"
    ],
    "nozzle_temperature": [
        "235"
    ],
    "nozzle_temperature_range_high": [
        "250"
    ]
}
