{
    "type": "filament",
    "filament_id": "GFB99",
    "setting_id": "GFSA04",
    "name": "RatRig PunkFil PETG CF",
    "from": "system",
    "instantiation": "true",
    "inherits": "fdm_filament_pet",
    "filament_flow_ratio": [
        "0.93"
    ],
    "filament_max_volumetric_speed": [
        "20"
    ],
    "filament_z_hop": [
        "nil"
    ],
	"enable_pressure_advance": [
        "1"
    ],
	"pressure_advance": [
        "0.038"
    ],
    "hot_plate_temp_initial_layer" : [
        "80"
    ],
    "hot_plate_temp" : [
        "80"
    ],
    "nozzle_temperature_initial_layer": [
        "230"
    ],
    "nozzle_temperature": [
        "230"
    ],
    "close_fan_the_first_x_layers": [
        "2"
    ],
    "fan_cooling_layer_time": [
        "10"
    ],
    "fan_max_speed": [
        "30"
    ],
    "fan_min_speed": [
        "0"
    ],
    "overhang_fan_speed": [
        "40"
    ],
    "overhang_fan_threshold": [
        "50%"
    ],
    "slow_down_min_speed": [
        "30"
    ],
    "slow_down_layer_time": [
        "8"
    ],
    "slow_down_for_layer_cooling": [
        "1"
    ],
    "filament_cost": [
        "48"
    ],
    "filament_type": [
        "PETG-CF10"
    ],
    "filament_vendor": [
        "RatRig"
    ]
}
