{
    "type": "filament",
    "filament_id": "GFU99",
    "setting_id": "GFSA04",
    "name": "RatRig Generic TPU",
    "from": "system",
    "instantiation": "true",
    "inherits": "fdm_filament_tpu",
    "filament_max_volumetric_speed": [
        "5"
    ],
	"filament_z_hop": [
        "0"
    ],
	"enable_pressure_advance": [
        "1"
    ],
	"pressure_advance": [
        "0.1"
    ],
    "nozzle_temperature": [
        "220"
    ],
    "nozzle_temperature_initial_layer": [
        "220"
    ]
}
