{
    "type": "filament",
    "filament_id": "GFS99",
    "setting_id": "GFSA04",
    "name": "RatRig Generic PVA",
    "from": "system",
    "instantiation": "true",
    "inherits": "fdm_filament_pva",
    "filament_flow_ratio": [
        "0.95"
    ],
    "filament_max_volumetric_speed": [
        "12"
    ],
	"filament_z_hop": [
        "0"
    ],
	"enable_pressure_advance": [
        "1"
    ],
	"pressure_advance": [
        "0.03"
    ],
    "slow_down_layer_time": [
        "7"
    ],
    "slow_down_min_speed": [
        "10"
    ]
}
