{
    "type": "machine_model",
    "name": "RatRig V-Core 4 IDEX 400 MIRROR MODE",
    "model_id": "V-Core_4_IDEX_400_MIRROR_MODE",
    "nozzle_diameter": "0.4;0.5;0.6;0.8",
    "machine_tech": "FFF",
    "family": "RatRig_V-Core",
    "bed_model": "ratrig-vcore-bed-400-mirror-mode.stl",
    "bed_texture": "ratrig_logo.svg",
    "hotend_model": "",
    "default_materials": "RatRig Generic ABS;RatRig Generic PLA;RatRig Generic PLA-CF;RatRig Generic PCTG;RatRig Generic PETG;RatRig Generic TPU;RatRig Generic ASA;RatRig Generic PC;RatRig Generic PVA;RatRig Generic PA;RatRig Generic PA-CF"
}
