{
    "type": "machine_model",
    "name": "RatRig V-Minion",
    "model_id": "V-Minion",
    "nozzle_diameter": "0.4",
    "machine_tech": "FFF",
    "family": "RatRig_V-Minion",
    "bed_model": "ratrig-vminion-bed.stl",
    "bed_texture": "ratrig_logo.svg",
    "hotend_model": "",
    "default_materials": "RatRig Generic ABS;RatRig Generic PLA;RatRig Generic PLA-CF;RatRig Generic PETG;RatRig Generic TPU;RatRig Generic ASA;RatRig Generic PC;RatRig Generic PVA;RatRig Generic PA;RatRig Generic PA-CF"
}
